{"pseudotime_min": -1.3850353956222534, "pseudotime_max": 2.7158753871917725}